﻿<?xml version="1.0" encoding="utf-8" ?>
<Defs>

  <ThingDef ParentName="ResourceBase">
    <defName>MPC_MechanoidPCell</defName>
    <label>Mechanoid Power Cell</label>
    <description>A self sufficient powercell from a mechanoid hive ship.</description>
    <graphicData>
      <texPath>Things/Item/Resource/MPCell</texPath>
      <graphicClass>Graphic_Single</graphicClass>
    </graphicData>
    <resourceReadoutPriority>Middle</resourceReadoutPriority>
    <soundInteract>Metal_Drop</soundInteract>
    <soundDrop>Metal_Drop</soundDrop>
    <stackLimit>1</stackLimit>
    <useHitPoints>true</useHitPoints>
    <statBases>
	  <Mass>7.5</Mass>
      <MarketValue>2000</MarketValue>
      <MaxHitPoints>1000</MaxHitPoints>
	  <Flammability>0</Flammability>
    </statBases>
    <thingCategories>
      <li>Items</li>
    </thingCategories>
    <drawGUIOverlay>false</drawGUIOverlay>
    <tradeTags>
      <li>Artifact</li>
      <li>ExoticMisc</li>
    </tradeTags>
	<thingSetMakerTags>
      <li>RewardSpecial</li>
	</thingSetMakerTags>
  </ThingDef>
  
</Defs>
