<?xml version="1.0" encoding="utf-8" ?>
<Defs>

  <ThingDef ParentName="BuildingBase">
    <defName>MPC_MechanoidPowerCell</defName>
    <label>Power Cell</label>
	<description>Harnesses power from the mechanoid powercell it houses. Produces a lot of heat.</description>
    <thingClass>Building</thingClass>
    <graphicData>
      <texPath>Things/Building/Power/PowerCell</texPath>
      <graphicClass>Graphic_Single</graphicClass>
      <drawSize>(3,3)</drawSize>
    </graphicData>
	<castEdgeShadows>true</castEdgeShadows>
    <rotatable>false</rotatable>
    <altitudeLayer>Building</altitudeLayer>
    <passability>PassThroughOnly</passability>
	<pathCost>70</pathCost>
    <fillPercent>0.5</fillPercent>
	<canOverlapZones>false</canOverlapZones>
	<scatterableOnMapGen>false</scatterableOnMapGen>
    <blockWind>false</blockWind>
	<blockLight>false</blockLight>
    <statBases>
      <MaxHitPoints>250</MaxHitPoints>
      <WorkToBuild>6600</WorkToBuild>
      <Flammability>1.0</Flammability>
      <Beauty>-20</Beauty>
    </statBases>
    <tickerType>Normal</tickerType>
    <size>(3,3)</size>
    <costList>
	  <Steel>300</Steel>
      <Plasteel>200</Plasteel>
      <MPC_MechanoidPCell>1</MPC_MechanoidPCell>
    </costList>
    <comps>
      <li Class="CompProperties_Power">
        <compClass>CompPowerTrader</compClass>
        <basePowerConsumption>-5000</basePowerConsumption>
        <transmitsPower>true</transmitsPower>
      </li>
      <li Class="CompProperties_Flickable" />
      <li Class="CompProperties_Glower">
        <compClass>CompGlower</compClass>
        <glowRadius>2</glowRadius>
        <glowColor>(0,255,150,0)</glowColor>
      </li>
      <li Class="CompProperties_HeatPusher">
        <compClass>CompHeatPusher</compClass>
        <heatPerSecond>30</heatPerSecond>
        <heatPushMaxTemperature>210</heatPushMaxTemperature>
      </li>
    </comps>
    <terrainAffordanceNeeded>Light</terrainAffordanceNeeded>
    <designationCategory>Power</designationCategory>
    <staticSunShadowHeight>0.50</staticSunShadowHeight>
	<constructEffect>ConstructMetal</constructEffect>
    <researchPrerequisites>
      <li>MPC_MechanoidPowerSource</li>
    </researchPrerequisites>
    <constructionSkillPrerequisite>9</constructionSkillPrerequisite>
	<tradeability>Sellable</tradeability>
	<techLevel>Spacer</techLevel> <!-- Ultra -->
  </ThingDef>

</Defs>